Season,Assists,GamesPlayed,GamesStarted,Goals,GoalsAgainst,GoalsAgainstAverage,Losses,OTLosses,PenaltyMinutes,PlayerFirstName,PlayerId,PlayerLastName,PlayerName,PlayerPositionCode,SavePctg,Saves,ShotsAgainst,Shutouts,Ties,TimeOnIce,Wins
20112012,4,70,67,0,179,2.7459,26,6,4,Craig,8467950,Anderson,Craig Anderson,G,0.9157,1946,2125,4,0,234670,36
20112012,0,14,8,0,36,3.3486,4,2,0,Alex,8467913,Auld,Alex Auld,G,0.8838,274,310,0,0,38702,2
20112012,0,36,32,0,86,2.6022,18,4,0,Curtis,8468166,Sanford,Curtis Sanford,G,0.9114,885,971,1,0,118975,10
20112012,1,15,13,0,44,3.2812,6,1,0,Ty,8469152,Conklin,Ty Conklin,G,0.8835,334,378,1,0,48274,5
20112012,0,7,6,0,17,2.6614,4,1,0,Jacob,8474593,Markstrom,Jacob Markstrom,G,0.9234,205,222,0,0,22995,2
20112012,1,6,6,0,15,3.0374,4,0,0,Kevin,8474690,Poulin,Kevin Poulin,G,0.9074,147,162,0,0,17778,2
20112012,3,21,20,0,50,2.4589,6,2,0,Martin,8462047,Biron,Martin Biron,G,0.9036,469,519,2,0,73201,12
20112012,0,10,9,0,22,2.4828,3,2,2,Ben,8471750,Bishop,Ben Bishop,G,0.9094,221,243,0,0,31899,3
20112012,2,70,68,0,178,2.6324,22,8,4,Ilya,8468524,Bryzgalov,Ilya Bryzgalov,G,0.9053,1702,1880,6,0,243423,38
20112012,0,4,4,0,11,2.7363,1,0,0,Jeff,8470074,Deslauriers,Jeff Deslauriers,G,0.9026,102,113,0,0,14472,3
20112012,1,10,5,0,19,2.7227,5,0,0,Dan,8468540,Ellis,Dan Ellis,G,0.9112,195,214,0,0,25122,1
20112012,0,2,1,0,7,4.2467,1,0,0,Jussi,8475680,Rynnas,Jussi Rynnas,G,0.825,33,40,0,0,5934,0
20112012,1,38,30,0,95,2.8217,13,5,2,Michal,8473607,Neuvirth,Michal Neuvirth,G,0.9026,881,976,3,0,121203,13
20112012,3,83,83,0,178,2.1663,25,13,30,Mike,8469608,Smith,Mike Smith,G,0.9332,2490,2668,11,0,295801,47
20112012,0,5,4,0,16,3.7247,1,0,2,Brad,8475097,Thiessen,Brad Thiessen,G,0.8584,97,113,0,0,15464,3
20112012,2,46,45,0,105,2.4327,18,7,2,Niklas,8473404,Backstrom,Niklas Backstrom,G,0.9191,1194,1299,4,0,155381,19
20112012,1,17,14,0,44,3.1765,7,2,0,Brent,8462161,Johnson,Brent Johnson,G,0.8794,321,365,0,0,49865,6
20112012,0,3,2,0,7,3.1188,1,0,0,Sebastien,8467959,Caron,Sebastien Caron,G,0.8771,50,57,0,0,8080,1
20112012,0,9,7,0,24,3.1706,4,2,0,Henrik,8475431,Karlsson,Henrik Karlsson,G,0.8995,215,239,0,0,27250,1
20112012,2,82,82,0,161,1.9303,28,8,4,Henrik,8468685,Lundqvist,Henrik Lundqvist,G,0.9302,2146,2307,11,0,300259,49
20112012,0,4,3,0,10,2.7548,2,0,0,Anders,8475195,Nilsson,Anders Nilsson,G,0.9107,102,112,1,0,13068,1
20112012,3,59,59,0,136,2.3335,22,4,0,Kari,8470140,Lehtonen,Kari Lehtonen,G,0.9217,1603,1739,4,0,209809,32
20112012,0,32,30,0,69,2.2752,11,3,2,Jean-Sebastien,8462044,Giguere,Jean-Sebastien Giguere,G,0.9188,781,850,2,0,109174,15
20112012,0,61,60,0,150,2.5449,21,7,0,Ryan,8468011,Miller,Ryan Miller,G,0.9161,1638,1788,6,0,212185,31
20112012,0,63,61,0,163,2.7063,21,10,0,Corey,8470645,Crawford,Corey Crawford,G,0.9021,1503,1666,0,0,216825,32
20112012,0,58,56,0,136,2.4594,18,12,2,Jose,8460535,Theodore,Jose Theodore,G,0.9169,1501,1637,4,0,199071,24
20112012,0,28,23,0,60,2.2119,8,2,2,Johan,8460704,Hedberg,Johan Hedberg,G,0.918,672,732,4,0,97650,17
20112012,0,1,1,0,1,1.00,0,0,0,Anton,8471418,Khudobin,Anton Khudobin,G,0.9777,44,45,0,0,3600,1
20112012,0,21,20,0,45,2.1052,9,5,2,Braden,8474651,Holtby,Braden Holtby,G,0.9308,606,651,1,0,76950,11
20112012,0,2,0,0,0,0.00,1,0,0,Mike,8474729,Murphy,Mike Murphy,G,1.00,9,9,0,0,2166,0
20112012,1,57,56,0,134,2.4516,16,8,4,Roberto,8466141,Luongo,Roberto Luongo,G,0.9183,1507,1641,5,0,196768,31
20112012,0,1,0,0,0,0.00,0,0,0,Shawn,8476803,Hunwick,Shawn Hunwick,G,0.00,0,0,0,0,153,0
20112012,0,10,8,0,31,3.5135,8,0,0,Andrew,8467453,Raycroft,Andrew Raycroft,G,0.8976,272,303,0,0,31763,2
20112012,0,16,13,0,35,2.359,6,2,0,Jonathan,8473541,Bernier,Jonathan Bernier,G,0.9086,348,383,1,0,53412,5
20112012,2,48,46,0,108,2.5085,17,2,4,Tomas,8460712,Vokoun,Tomas Vokoun,G,0.9168,1191,1299,4,0,154989,25
20112012,0,70,68,0,162,2.3546,22,11,0,Miikka,8462147,Kiprusoff,Miikka Kiprusoff,G,0.9205,1878,2040,4,0,247680,35
20112012,0,23,22,0,44,2.0474,8,3,2,Tuukka,8471695,Rask,Tuukka Rask,G,0.9291,577,621,3,0,77364,11
20112012,0,42,41,0,101,2.5486,18,3,6,Evgeni,8460705,Nabokov,Evgeni Nabokov,G,0.9138,1071,1172,2,0,142666,19
20112012,1,34,27,0,83,2.8075,9,4,2,Ray,8469548,Emery,Ray Emery,G,0.9004,751,834,0,0,106427,15
20112012,0,1,0,0,3,4.4063,0,0,0,Iiro,8476243,Tarkki,Iiro Tarkki,G,0.70,7,10,0,0,2451,1
20112012,2,8,6,0,22,3.7314,2,3,0,Rick,8468481,DiPietro,Rick DiPietro,G,0.8757,155,177,0,0,21225,3
20112012,2,48,44,0,118,2.8505,16,4,0,Mathieu,8464999,Garon,Mathieu Garon,G,0.9009,1073,1191,1,0,149025,23
20112012,0,73,73,0,172,2.426,26,9,2,Antti,8474550,Niemi,Antti Niemi,G,0.9146,1844,2016,6,0,255229,35
20112012,0,10,8,0,31,3.4044,6,1,0,Brian,8462052,Boucher,Brian Boucher,G,0.8807,229,260,0,0,32781,1
20112012,0,26,22,0,63,2.7014,11,4,2,Jhonas,8473523,Enroth,Jhonas Enroth,G,0.9166,693,756,1,0,83955,8
20112012,2,46,45,0,143,3.3863,26,3,2,Steve,8473461,Mason,Steve Mason,G,0.8944,1212,1355,1,0,152021,16
20112012,3,17,17,0,44,2.5459,7,5,2,Peter,8469514,Budaj,Peter Budaj,G,0.9133,464,508,0,0,62217,5
20112012,0,34,30,0,81,2.6201,12,4,0,Josh,8470216,Harding,Josh Harding,G,0.9174,900,981,2,0,111292,13
20112012,0,46,43,0,76,1.6956,14,4,2,Brian,8470880,Elliott,Brian Elliott,G,0.9344,1083,1159,9,0,161358,26
20112012,0,5,5,0,10,2.0059,2,0,0,Robin,8475215,Lehner,Robin Lehner,G,0.935,144,154,1,0,17947,3
20112012,0,12,11,0,35,3.1267,5,2,4,Ben,8475681,Scrivens,Ben Scrivens,G,0.9025,324,359,0,0,40297,4
20112012,0,1,0,0,0,0.00,0,0,0,Peter,8474771,Mannino,Peter Mannino,G,1.00,4,4,0,0,1191,0
20112012,0,11,5,0,16,2.3038,2,0,0,Allen,8474057,York,Allen York,G,0.9195,183,199,0,0,25002,3
20112012,1,5,5,0,14,3.4485,3,1,2,Dustin,8474682,Tokarski,Dustin Tokarski,G,0.8793,102,116,0,0,14615,1
20112012,0,48,48,0,93,1.9572,13,8,0,Jaroslav,8470860,Halak,Jaroslav Halak,G,0.926,1164,1257,6,0,171060,27
20112012,2,68,67,0,191,2.9142,28,9,0,Ondrej,8471715,Pavelec,Ondrej Pavelec,G,0.9061,1845,2036,4,0,235946,29
20112012,0,7,7,0,21,3.1945,3,3,0,Leland,8473414,Irving,Leland Irving,G,0.9121,218,239,0,0,23665,1
20112012,0,2,0,0,1,1.3798,0,0,0,Drew,8469569,MacIntyre,Drew MacIntyre,G,0.9444,17,18,0,0,2609,0
20112012,2,65,65,0,160,2.434,28,11,6,Carey,8471679,Price,Carey Price,G,0.9164,1754,1914,4,0,236646,26
20112012,0,1,0,0,2,3.6998,0,0,0,Yann,8471186,Danis,Yann Danis,G,0.8333,10,12,0,0,1946,0
20112012,0,20,15,0,43,2.5933,7,1,0,Chris,8462152,Mason,Chris Mason,G,0.8981,379,422,2,0,59692,8
20112012,0,68,68,1,182,2.7381,23,13,4,Cam,8470320,Ward,Cam Ward,G,0.915,1961,2143,5,0,239283,30
20112012,8,83,83,0,188,2.3193,30,7,2,Martin,8455710,Brodeur,Martin Brodeur,G,0.9105,1913,2101,4,0,291803,45
20112012,0,5,4,0,16,3.6835,2,0,2,Marty,8460612,Turco,Marty Turco,G,0.8545,94,110,0,0,15637,2
20112012,1,18,15,0,43,2.765,5,1,0,Richard,8473614,Bachman,Richard Bachman,G,0.9098,434,477,1,0,55985,8
20112012,0,34,34,0,97,3.0969,14,4,0,James,8473503,Reimer,James Reimer,G,0.9004,877,974,3,0,112755,14
20112012,0,30,25,0,83,3.138,10,2,0,Sergei,8475683,Bobrovsky,Sergei Bobrovsky,G,0.8945,704,787,0,0,95218,14
20112012,1,62,62,0,132,2.1664,21,4,6,Jimmy,8470657,Howard,Jimmy Howard,G,0.9181,1480,1612,6,0,219340,36
20112012,1,73,73,0,182,2.5678,30,12,0,Jonas,8473972,Hiller,Jonas Hiller,G,0.9099,1839,2021,4,0,255151,29
20112012,0,40,40,0,100,2.6542,20,7,0,Nikolai,8459140,Khabibulin,Nikolai Khabibulin,G,0.9102,1014,1114,2,0,135630,12
20112012,0,19,14,0,43,2.5427,9,3,2,Jason,8467391,LaBarbera,Jason LaBarbera,G,0.9115,443,486,0,0,60878,3
20112012,2,33,27,0,74,2.544,8,7,0,Scott,8466339,Clemmensen,Scott Clemmensen,G,0.914,787,861,1,0,104715,15
20112012,0,12,7,0,22,2.3759,6,0,0,Matt,8475252,Hackett,Matt Hackett,G,0.9219,260,282,0,0,33334,3
20112012,0,7,6,0,16,2.4801,3,2,0,Justin,8471251,Peters,Justin Peters,G,0.9313,217,233,1,0,23224,2
20112012,3,73,70,0,179,2.5369,21,5,4,Marc-Andre,8470594,Fleury,Marc-Andre Fleury,G,0.907,1746,1925,3,0,254001,44
20112012,0,19,14,0,40,2.3016,7,1,2,Thomas,8471306,Greiss,Thomas Greiss,G,0.9152,432,472,0,0,62563,9
20112012,1,53,52,0,136,2.5893,24,3,2,Semyon,8473575,Varlamov,Semyon Varlamov,G,0.913,1428,1564,4,0,189081,26
20112012,2,36,31,0,64,1.905,10,2,0,Cory,8471239,Schneider,Cory Schneider,G,0.9388,982,1046,3,0,120940,21
20112012,0,14,12,0,29,2.16,5,1,0,Joey,8469732,MacDonald,Joey MacDonald,G,0.9121,301,330,0,0,48333,8
20112012,1,66,62,0,148,2.3371,23,3,0,Tim,8460703,Thomas,Tim Thomas,G,0.9206,1718,1866,6,0,227974,38
20112012,1,16,10,0,32,2.4229,8,0,0,Anders,8474765,Lindback,Anders Lindback,G,0.912,332,364,0,0,47545,5
20112012,2,89,89,0,162,1.821,25,13,6,Jonathan,8471734,Quick,Jonathan Quick,G,0.9325,2239,2401,13,0,320258,51
20112012,0,1,0,0,0,0.00,0,0,0,Jake,8474596,Allen,Jake Allen,G,0.00,0,0,0,0,67,0
20112012,0,2,1,0,2,1.672,0,0,0,Curtis,8470147,McElhinney,Curtis McElhinney,G,0.9444,34,36,0,0,4306,1
20112012,1,42,36,0,112,2.9208,17,4,4,Jonas,8475361,Gustavsson,Jonas Gustavsson,G,0.9023,1035,1147,4,0,138042,17
20112012,0,31,26,0,89,3.1051,11,5,2,Al,8471219,Montoya,Al Montoya,G,0.893,743,832,0,0,103182,9
20112012,1,47,42,0,118,2.6682,20,3,0,Devan,8471227,Dubnyk,Devan Dubnyk,G,0.9144,1262,1380,2,0,159207,20
20112012,5,83,82,0,187,2.3482,23,9,2,Pekka,8471469,Rinne,Pekka Rinne,G,0.9236,2262,2449,6,0,286686,48
20112012,0,1,0,0,0,0.00,0,0,0,Brian,8471822,Foster,Brian Foster,G,1.00,1,1,0,0,292,0
20112012,0,40,31,0,128,3.6597,16,3,6,Dwayne,8460806,Roloson,Dwayne Roloson,G,0.8863,998,1126,1,0,125911,13
20122013,2,54,54,0,114,2.1021,16,6,2,Antti,8474550,Niemi,Antti Niemi,G,0.9249,1404,1518,4,0,195233,31
20122013,0,2,1,0,5,3.5728,1,0,0,Philipp,8475831,Grubauer,Philipp Grubauer,G,0.9152,54,59,0,0,5038,0
20122013,0,1,1,0,5,5.0732,1,0,0,Michael,8468038,Leighton,Michael Leighton,G,0.8076,21,26,0,0,3548,0
20122013,3,38,35,0,91,2.5419,10,0,2,Marc-Andre,8470594,Fleury,Marc-Andre Fleury,G,0.9113,935,1026,2,0,128879,25
20122013,0,12,11,0,29,2.5452,6,1,0,Nikolai,8459140,Khabibulin,Nikolai Khabibulin,G,0.9228,347,376,1,0,41017,4
20122013,0,44,43,0,119,2.797,20,3,2,Ondrej,8471715,Pavelec,Ondrej Pavelec,G,0.9048,1132,1251,0,0,153163,21
20122013,0,1,1,0,2,2.4324,0,0,0,Sami,8475824,Aittokallio,Sami Aittokallio,G,0.92,23,25,0,0,2960,0
20122013,0,20,17,0,46,2.693,9,0,6,Ben,8475681,Scrivens,Ben Scrivens,G,0.9151,496,542,2,0,61491,7
20122013,0,34,34,0,69,2.0717,13,2,0,Craig,8467950,Anderson,Craig Anderson,G,0.9329,960,1029,3,0,119896,17
20122013,0,7,4,0,14,2.7092,3,0,0,Kevin,8474690,Poulin,Kevin Poulin,G,0.8978,123,137,0,0,18603,1
20122013,0,10,8,0,22,3.0706,5,1,0,Josh,8470216,Harding,Josh Harding,G,0.8942,186,208,1,0,25793,2
20122013,2,31,28,0,65,2.2757,9,2,2,Tomas,8460712,Vokoun,Tomas Vokoun,G,0.9247,799,864,4,0,102825,19
20122013,0,2,0,0,2,2.8696,0,1,0,Alex,8471774,Stalock,Alex Stalock,G,0.8461,11,13,0,0,2509,0
20122013,1,24,21,0,63,2.8983,10,1,0,Anders,8474765,Lindback,Anders Lindback,G,0.9018,579,642,0,0,78251,10
20122013,0,40,39,0,108,2.8146,17,5,2,Ryan,8468011,Miller,Ryan Miller,G,0.9149,1162,1270,0,0,138134,17
20122013,2,33,32,0,77,2.3851,10,7,2,Jonas,8473972,Hiller,Jonas Hiller,G,0.9137,816,893,2,0,116219,18
20122013,0,43,42,0,110,2.6526,15,4,0,Carey,8471679,Price,Carey Price,G,0.9035,1031,1141,3,0,149286,22
20122013,0,15,14,0,42,3.2878,6,3,2,Jose,8460535,Theodore,Jose Theodore,G,0.8925,349,391,0,0,45988,4
20122013,0,18,14,0,43,2.8419,4,4,4,Jean-Sebastien,8462044,Giguere,Jean-Sebastien Giguere,G,0.9083,426,469,0,0,54470,5
20122013,0,6,5,0,13,2.5308,4,0,0,Thomas,8471306,Greiss,Thomas Greiss,G,0.915,140,153,1,0,18492,1
20122013,3,40,40,0,107,2.794,17,3,0,Ilya,8468524,Bryzgalov,Ilya Bryzgalov,G,0.8996,959,1066,1,0,137865,19
20122013,0,21,17,0,55,2.8733,9,1,0,Joey,8469732,MacDonald,Joey MacDonald,G,0.9021,507,562,0,0,68908,8
20122013,1,6,5,0,15,3.3325,1,1,0,Leland,8473414,Irving,Leland Irving,G,0.8828,113,128,0,0,16204,2
20122013,1,20,17,0,47,2.5867,8,1,0,Steve,8473461,Mason,Steve Mason,G,0.9162,514,561,0,0,65409,7
20122013,2,29,29,1,65,2.2192,9,7,0,Martin,8455710,Brodeur,Martin Brodeur,G,0.9006,589,654,2,0,105441,13
20122013,1,58,56,0,116,1.9495,18,8,0,Tuukka,8471695,Rask,Tuukka Rask,G,0.9333,1625,1741,8,0,214204,33
20122013,0,23,23,0,68,3.2233,14,1,0,Jacob,8474593,Markstrom,Jacob Markstrom,G,0.9007,617,685,0,0,75945,8
20122013,0,2,2,0,6,3.00,1,0,0,Daniel,8471433,Taylor,Daniel Taylor,G,0.9117,62,68,0,0,7200,1
20122013,0,15,13,0,33,2.463,4,0,0,Jake,8474596,Allen,Jake Allen,G,0.9046,313,346,1,0,48233,9
20122013,0,7,5,0,17,2.903,1,0,0,Al,8471219,Montoya,Al Montoya,G,0.8988,151,168,1,0,21081,3
20122013,2,19,16,0,52,3.1291,8,2,0,Dan,8468540,Ellis,Dan Ellis,G,0.9063,503,555,1,0,59824,6
20122013,1,40,38,0,97,2.5364,12,7,0,James,8473503,Reimer,James Reimer,G,0.9234,1170,1267,4,0,137675,22
20122013,0,38,37,0,90,2.5702,16,6,0,Devan,8471227,Dubnyk,Devan Dubnyk,G,0.9204,1042,1132,2,0,126057,14
20122013,4,47,47,0,127,2.7219,15,9,6,Evgeni,8460705,Nabokov,Evgeni Nabokov,G,0.9016,1164,1291,3,0,167968,25
20122013,0,17,16,0,44,2.8403,6,1,0,Cam,8470320,Ward,Cam Ward,G,0.9077,433,477,0,0,55767,9
20122013,0,4,1,0,6,2.4997,2,0,0,Brian,8462052,Boucher,Brian Boucher,G,0.8909,49,55,0,0,8641,0
20122013,0,34,34,0,84,2.5772,12,5,0,Mike,8469608,Smith,Mike Smith,G,0.9104,854,938,5,0,117333,15
20122013,0,8,3,0,14,2.322,2,0,0,Darcy,8475311,Kuemper,Darcy Kuemper,G,0.9078,138,152,0,0,21705,1
20122013,1,55,55,0,115,2.071,23,6,0,Henrik,8468685,Lundqvist,Henrik Lundqvist,G,0.9281,1486,1601,4,0,199897,29
20122013,0,38,37,0,74,2.0009,11,6,0,Sergei,8475683,Bobrovsky,Sergei Bobrovsky,G,0.9317,1010,1084,4,0,133137,21
20122013,1,55,54,0,121,2.2458,22,7,16,Jonathan,8471734,Quick,Jonathan Quick,G,0.914,1286,1407,4,0,193962,27
20122013,0,3,3,0,12,4.1002,3,0,0,Rick,8468481,DiPietro,Rick DiPietro,G,0.8554,71,83,0,0,10536,0
20122013,0,13,8,0,33,3.2521,5,0,0,Richard,8473614,Bachman,Richard Bachman,G,0.8854,255,288,0,0,36530,6
20122013,2,43,42,0,106,2.5217,16,1,4,Braden,8474651,Holtby,Braden Holtby,G,0.9201,1222,1328,5,0,151324,26
20122013,1,43,42,0,99,2.4306,16,8,8,Pekka,8471469,Rinne,Pekka Rinne,G,0.91,1002,1101,5,0,146626,15
20122013,0,1,1,0,5,5.0675,1,0,0,Matt,8475252,Hackett,Matt Hackett,G,0.8484,28,33,0,0,3552,0
20122013,1,56,56,0,122,2.2146,20,9,2,Jimmy,8470657,Howard,Jimmy Howard,G,0.9232,1468,1590,6,0,198312,28
20122013,0,21,19,0,36,1.9354,1,0,0,Ray,8469548,Emery,Ray Emery,G,0.9217,424,460,3,0,66960,17
20122013,0,12,9,0,27,2.5985,4,1,0,Jhonas,8473523,Enroth,Jhonas Enroth,G,0.9186,305,332,1,0,37406,4
20122013,0,23,20,0,57,2.5587,8,4,0,Roberto,8466141,Luongo,Roberto Luongo,G,0.9083,565,622,2,0,80196,9
20122013,1,32,32,0,70,2.2693,11,5,0,Cory,8471239,Schneider,Cory Schneider,G,0.923,840,910,5,0,111044,17
20122013,0,18,16,0,44,2.9008,9,2,0,Mathieu,8464999,Garon,Mathieu Garon,G,0.8969,383,427,0,0,54604,5
20122013,0,3,0,0,7,3.8095,0,0,0,Yann,8471186,Danis,Yann Danis,G,0.8813,52,59,0,0,6615,1
20122013,0,15,10,0,32,2.6449,6,2,0,Jason,8467391,LaBarbera,Jason LaBarbera,G,0.9234,386,418,0,0,43555,4
20122013,0,19,11,0,53,3.6702,7,2,0,Scott,8466339,Clemmensen,Scott Clemmensen,G,0.8741,368,421,0,0,51985,3
20122013,0,11,6,0,29,3.728,7,1,0,Chris,8462152,Mason,Chris Mason,G,0.8733,200,229,0,0,28004,1
20122013,1,19,19,0,51,2.761,10,3,4,Johan,8460704,Hedberg,Johan Hedberg,G,0.8827,384,435,1,0,66496,6
20122013,0,15,11,0,32,2.6703,3,2,0,Peter,8469514,Budaj,Peter Budaj,G,0.8947,272,304,1,0,43141,8
20122013,0,25,23,0,52,2.1844,6,2,0,Viktor,8476839,Fasth,Viktor Fasth,G,0.9213,609,661,4,0,85698,15
20122013,1,16,15,0,29,2.1413,5,1,0,Jaroslav,8470860,Halak,Jaroslav Halak,G,0.8986,257,286,3,0,48755,6
20122013,0,6,5,0,13,2.3235,2,1,0,Martin,8462047,Biron,Martin Biron,G,0.9166,143,156,0,0,20142,2
20122013,1,15,12,0,24,1.8039,3,1,0,Jonathan,8473541,Bernier,Jonathan Bernier,G,0.9238,291,315,1,0,47896,9
20122013,0,1,0,0,1,2.33,0,0,0,Keith,8476234,Kinkaid,Keith Kinkaid,G,0.923,12,13,0,0,1545,0
20122013,0,19,16,0,55,3.4576,11,1,0,Justin,8471251,Peters,Justin Peters,G,0.8913,451,506,1,0,57264,4
20122013,0,42,41,0,98,2.4829,15,3,2,Niklas,8473404,Backstrom,Niklas Backstrom,G,0.9085,974,1072,2,0,142088,24
20122013,0,14,14,0,31,2.3163,4,1,4,Anton,8471418,Khudobin,Anton Khudobin,G,0.9201,357,388,1,0,48180,9
20122013,0,13,12,0,33,2.738,5,2,0,Michal,8473607,Neuvirth,Michal Neuvirth,G,0.91,334,367,0,0,43388,4
20122013,0,1,1,0,3,3.0646,1,0,0,Carter,8475622,Hutton,Carter Hutton,G,0.8928,25,28,0,0,3524,0
20122013,0,30,26,0,61,2.191,12,2,0,Brian,8470880,Elliott,Brian Elliott,G,0.9096,614,675,3,0,100225,16
20122013,1,7,4,0,17,2.9205,2,1,2,Jonas,8475361,Gustavsson,Jonas Gustavsson,G,0.8785,123,140,0,0,20955,2
20122013,2,36,35,0,88,2.6583,14,3,0,Kari,8470140,Lehtonen,Kari Lehtonen,G,0.9161,962,1050,1,0,119171,15
20122013,0,22,21,0,56,2.6653,9,1,2,Ben,8471750,Bishop,Ben Bishop,G,0.9201,645,701,2,0,75638,11
20122013,0,4,4,0,5,1.2164,0,2,0,Chad,8473434,Johnson,Chad Johnson,G,0.9537,103,108,1,0,14797,2
20122013,0,3,2,0,8,2.9981,3,0,0,Cedrick,8473638,Desjardins,Cedrick Desjardins,G,0.8904,65,73,0,0,9606,0
20122013,0,2,2,0,4,2.0142,1,0,0,Petr,8475852,Mrazek,Petr Mrazek,G,0.9215,47,51,0,0,7149,1
20122013,0,5,5,0,15,3.0895,3,1,0,Cristopher,8476846,Nilstorp,Cristopher Nilstorp,G,0.8972,131,146,0,0,17478,1
20122013,0,1,0,0,0,0.00,0,0,0,Jeff,8471712,Frazee,Jeff Frazee,G,1.00,3,3,0,0,1116,0
20122013,1,35,33,0,98,3.0159,21,3,0,Semyon,8473575,Varlamov,Semyon Varlamov,G,0.9026,909,1007,3,0,116979,11
20122013,0,53,51,0,103,1.8931,12,7,4,Corey,8470645,Crawford,Corey Crawford,G,0.9286,1340,1443,4,0,195865,35
20122013,1,24,24,0,77,3.4372,14,2,0,Miikka,8462147,Kiprusoff,Miikka Kiprusoff,G,0.8815,573,650,0,0,80645,8
20122013,0,1,0,0,0,0.00,0,0,0,Jussi,8475680,Rynnas,Jussi Rynnas,G,1.00,6,6,0,0,620,0
20122013,0,14,12,0,29,2.2188,4,4,0,Robin,8475215,Lehner,Robin Lehner,G,0.9354,420,449,0,0,47052,5
20132014,0,32,30,0,71,2.3593,9,5,0,Darcy,8475311,Kuemper,Darcy Kuemper,G,0.9143,758,829,3,0,108333,15
20132014,0,16,12,0,46,3.3933,8,3,0,Jacob,8474593,Markstrom,Jacob Markstrom,G,0.8725,315,361,0,0,48801,2
20132014,2,21,20,0,51,2.4972,9,4,4,Justin,8471251,Peters,Justin Peters,G,0.9185,575,626,1,0,73520,7
20132014,1,21,18,0,33,1.7201,6,0,0,Martin,8474889,Jones,Martin Jones,G,0.9349,474,507,4,0,69065,12
20132014,1,64,64,0,151,2.4639,24,5,2,Sergei,8475683,Bobrovsky,Sergei Bobrovsky,G,0.9212,1766,1917,5,0,220622,34
20132014,2,71,71,0,163,2.3268,24,6,4,Carey,8471679,Price,Carey Price,G,0.9254,2023,2186,7,0,252188,42
20132014,0,25,22,0,64,2.8038,10,4,0,Marek,8476992,Mazanec,Marek Mazanec,G,0.9015,586,650,2,0,82172,8
20132014,0,1,0,0,3,4.5588,0,0,0,Cristopher,8476846,Nilstorp,Cristopher Nilstorp,G,0.8235,14,17,0,0,2369,0
20132014,0,29,26,0,46,1.655,7,3,0,Josh,8470216,Harding,Josh Harding,G,0.9333,644,690,3,0,100060,18
20132014,0,31,24,0,79,3.018,14,2,31,Ray,8469548,Emery,Ray Emery,G,0.9012,721,800,2,0,94234,10
20132014,0,2,1,0,4,2.5374,1,0,0,Drew,8469569,MacIntyre,Drew MacIntyre,G,0.9215,47,51,0,0,5675,0
20132014,0,36,34,0,80,2.3029,14,1,0,Anton,8471418,Khudobin,Anton Khudobin,G,0.9256,996,1076,1,0,125058,19
20132014,0,3,3,0,7,3.0277,2,1,0,Richard,8473614,Bachman,Richard Bachman,G,0.9156,76,83,0,0,8323,0
20132014,0,8,7,0,18,2.3297,3,1,0,Dustin,8474682,Tokarski,Dustin Tokarski,G,0.9274,230,248,1,0,27814,4
20132014,0,56,56,0,129,2.4019,23,7,2,Roberto,8466141,Luongo,Roberto Luongo,G,0.9188,1460,1589,4,0,193340,25
20132014,0,1,0,0,0,0.00,0,0,0,Andrew,8477202,Hammond,Andrew Hammond,G,1.00,11,11,0,0,2071,0
20132014,0,45,43,0,88,1.9702,15,12,4,Cory,8471239,Schneider,Cory Schneider,G,0.9205,1019,1107,3,0,160794,16
20132014,0,36,32,0,98,3.2947,16,1,2,James,8473503,Reimer,James Reimer,G,0.9105,997,1095,1,0,107079,12
20132014,0,21,19,0,55,3.0161,11,2,0,Niklas,8473404,Backstrom,Niklas Backstrom,G,0.8992,491,546,0,0,65647,5
20132014,0,27,22,0,77,3.0458,15,3,2,Anders,8474765,Lindback,Anders Lindback,G,0.8896,621,698,1,0,91010,8
20132014,0,1,1,0,2,1.9726,0,0,0,Niklas,8476844,Svedberg,Niklas Svedberg,G,0.9428,33,35,0,0,3650,1
20132014,0,3,3,0,5,1.639,1,0,0,Michael,8474636,Hutchinson,Michael Hutchinson,G,0.9431,83,88,0,0,10982,2
20132014,5,71,70,0,172,2.487,24,11,4,Kari,8470140,Lehtonen,Kari Lehtonen,G,0.9162,1881,2053,6,0,248973,35
20132014,0,28,26,0,74,2.8204,17,5,0,Jhonas,8473523,Enroth,Jhonas Enroth,G,0.9112,760,834,0,0,94454,4
20132014,1,78,75,0,180,2.3331,24,13,0,Corey,8470645,Crawford,Corey Crawford,G,0.9152,1943,2123,3,0,277731,43
20132014,0,1,1,0,3,3.0603,1,0,0,Mark,8475771,Visentin,Mark Visentin,G,0.9062,29,32,0,0,3529,0
20132014,1,52,50,0,110,2.2459,13,7,0,Jaroslav,8470860,Halak,Jaroslav Halak,G,0.9205,1275,1385,5,0,176315,29
20132014,0,22,19,0,53,2.624,6,1,4,Jean-Sebastien,8462044,Giguere,Jean-Sebastien Giguere,G,0.9128,555,608,2,0,72711,11
20132014,0,12,12,0,33,2.8251,5,2,0,Viktor,8476839,Fasth,Viktor Fasth,G,0.9029,307,340,0,0,42051,5
20132014,1,40,37,0,97,2.6529,15,4,10,Karri,8471403,Ramo,Karri Ramo,G,0.911,994,1091,2,0,131626,17
20132014,0,41,37,0,93,2.4063,17,5,0,Eddie,8475663,Lack,Eddie Lack,G,0.9115,959,1052,4,0,139132,16
20132014,0,1,0,0,2,6.6543,1,0,2,Cedrick,8473638,Desjardins,Cedrick Desjardins,G,0.8461,11,13,0,0,1082,0
20132014,0,17,14,0,35,2.3772,5,5,0,Philipp,8475831,Grubauer,Philipp Grubauer,G,0.9253,434,469,0,0,53003,6
20132014,2,70,70,0,168,2.4919,20,7,0,Antti,8474550,Niemi,Antti Niemi,G,0.9101,1701,1869,4,0,242701,42
20132014,0,27,23,0,53,2.1048,4,3,0,Chad,8473434,Johnson,Chad Johnson,G,0.9251,655,708,2,0,90649,17
20132014,0,1,0,0,2,6.00,0,0,0,Kent,8475720,Simpson,Kent Simpson,G,0.7142,5,7,0,0,1200,0
20132014,0,7,5,0,18,2.9722,4,0,0,Nathan,8476319,Lieuwen,Nathan Lieuwen,G,0.9057,173,191,0,0,21802,1
20132014,3,39,39,0,96,2.5078,14,6,2,Martin,8455710,Brodeur,Martin Brodeur,G,0.9011,875,971,3,0,137809,19
20132014,5,88,87,0,198,2.2974,35,9,0,Henrik,8468685,Lundqvist,Henrik Lundqvist,G,0.9222,2349,2547,6,0,310254,46
20132014,0,1,1,0,3,4.50,1,0,0,Sami,8475824,Aittokallio,Sami Aittokallio,G,0.8333,15,18,0,0,2400,0
20132014,0,54,53,0,139,2.621,21,11,6,Jimmy,8470657,Howard,Jimmy Howard,G,0.9114,1430,1569,3,0,190913,22
20132014,0,41,38,0,102,2.6685,15,10,0,Ilya,8468524,Bryzgalov,Ilya Bryzgalov,G,0.9049,971,1073,5,0,137603,15
20132014,0,1,1,0,5,4.6887,0,1,0,Calvin,8476763,Heeter,Calvin Heeter,G,0.8684,33,38,0,0,3839,0
20132014,1,30,28,0,84,3.0633,12,6,2,Cam,8470320,Ward,Cam Ward,G,0.898,740,824,0,0,98716,10
20132014,0,1,1,0,6,6.00,1,0,0,Jack,8475789,Campbell,Jack Campbell,G,0.8723,41,47,0,0,3600,0
20132014,1,49,46,0,129,2.8912,24,4,4,Tim,8460703,Thomas,Tim Thomas,G,0.9073,1263,1392,0,0,160624,18
20132014,2,56,52,0,128,2.4551,15,8,0,Jonas,8473972,Hiller,Jonas Hiller,G,0.9106,1305,1433,5,0,187690,31
20132014,0,34,31,0,103,3.4302,18,3,6,Devan,8471227,Dubnyk,Devan Dubnyk,G,0.891,842,945,2,0,108097,11
20132014,0,7,7,0,13,2.0441,2,0,0,John,8476434,Gibson,John Gibson,G,0.9343,185,198,2,0,22895,5
20132014,1,40,34,0,91,2.6183,11,4,2,Carter,8475622,Hutton,Carter Hutton,G,0.9095,915,1006,1,0,125117,20
20132014,1,2,1,0,4,3.1365,0,1,0,Connor,8475303,Knapp,Connor Knapp,G,0.875,28,32,0,0,4591,0
20132014,1,17,14,0,47,3.0847,7,1,0,Scott,8466339,Clemmensen,Scott Clemmensen,G,0.8964,407,454,0,0,54851,6
20132014,3,70,70,0,140,2.0293,20,7,4,Tuukka,8471695,Rask,Tuukka Rask,G,0.9296,1849,1989,9,0,248350,43
20132014,1,66,64,0,153,2.4615,20,7,10,Steve,8473461,Mason,Steve Mason,G,0.9187,1729,1882,4,0,223758,35
20132014,3,70,67,0,166,2.4458,18,8,2,Semyon,8473575,Varlamov,Semyon Varlamov,G,0.926,2078,2244,2,0,244334,44
20132014,1,20,18,0,51,2.6123,6,2,0,Jeff,8473553,Zatkoff,Jeff Zatkoff,G,0.9123,531,582,1,0,70282,12
20132014,0,2,1,0,9,7.6451,1,0,0,Martin,8462047,Biron,Martin Biron,G,0.7631,29,38,0,0,4238,0
20132014,2,75,75,0,169,2.2484,27,6,6,Jonathan,8471734,Quick,Jonathan Quick,G,0.9136,1788,1957,8,0,270582,43
20132014,1,35,31,0,79,2.4467,7,0,0,Frederik,8475883,Andersen,Frederik Andersen,G,0.9187,893,972,0,0,116238,23
20132014,0,1,0,0,1,4.918,0,0,0,Magnus,8476433,Hellberg,Magnus Hellberg,G,0.75,3,4,0,0,732,0
20132014,0,25,21,0,59,2.6062,8,3,6,Peter,8469514,Budaj,Peter Budaj,G,0.9052,564,623,1,0,81497,10
20132014,3,62,61,1,159,2.6426,21,10,14,Mike,8469608,Smith,Mike Smith,G,0.915,1712,1871,3,0,216598,27
20132014,0,27,19,0,43,1.8849,6,2,2,Alex,8471774,Stalock,Alex Stalock,G,0.9314,584,627,2,0,82125,12
20132014,1,25,22,0,63,2.7064,5,4,0,Antti,8477293,Raanta,Antti Raanta,G,0.8967,547,610,1,0,83800,13
20132014,2,9,9,0,21,2.5153,4,0,0,Joni,8475299,Ortio,Joni Ortio,G,0.8911,172,193,0,0,30055,4
20132014,0,28,22,0,59,2.2973,8,3,2,Al,8471219,Montoya,Al Montoya,G,0.9199,678,737,2,0,92454,13
20132014,1,55,49,0,138,2.6852,19,7,4,Jonathan,8473541,Bernier,Jonathan Bernier,G,0.9227,1649,1787,1,0,185014,26
20132014,0,7,4,0,19,3.2728,3,0,0,Jason,8467391,LaBarbera,Jason LaBarbera,G,0.8698,127,146,0,0,20899,1
20132014,0,1,0,0,2,10.1123,0,0,0,Nathan,8474855,Lawson,Nathan Lawson,G,0.80,8,10,0,0,712,0
20132014,1,20,16,0,62,3.621,11,0,0,Dan,8468540,Ellis,Dan Ellis,G,0.8793,452,514,1,0,61639,5
20132014,0,36,30,0,99,3.0584,15,6,4,Robin,8475215,Lehner,Robin Lehner,G,0.9132,1042,1141,1,0,116530,12
20132014,2,48,45,0,126,2.846,15,4,7,Braden,8474651,Holtby,Braden Holtby,G,0.9145,1349,1475,4,0,159380,23
20132014,0,3,1,0,4,2.4124,1,0,0,Kristers,8477356,Gudlevskis,Kristers Gudlevskis,G,0.931,54,58,0,0,5969,1
20132014,2,63,63,0,133,2.2251,14,7,4,Ben,8471750,Bishop,Ben Bishop,G,0.9243,1625,1758,5,0,215181,37
20132014,1,40,39,0,103,2.7415,14,8,4,Evgeni,8460705,Nabokov,Evgeni Nabokov,G,0.905,982,1085,4,0,135254,15
20132014,0,2,1,0,4,3.0138,0,0,0,John,8474202,Curry,John Curry,G,0.9298,53,57,0,0,4778,1
20132014,1,40,35,0,94,2.5519,16,4,6,Ben,8475681,Scrivens,Ben Scrivens,G,0.9219,1111,1205,4,0,132607,16
20132014,0,25,20,0,50,2.286,8,5,0,Thomas,8471306,Greiss,Thomas Greiss,G,0.9201,576,626,2,0,78740,10
20132014,0,77,77,0,182,2.378,24,8,4,Marc-Andre,8470594,Fleury,Marc-Andre Fleury,G,0.9154,1970,2152,7,0,275524,46
20132014,1,53,52,0,150,3.0002,16,8,2,Craig,8467950,Anderson,Craig Anderson,G,0.9107,1530,1680,4,0,179984,25
20132014,0,19,17,0,57,3.1057,7,2,2,Anders,8475195,Nilsson,Anders Nilsson,G,0.8959,491,548,0,0,66070,8
20132014,0,31,29,0,88,3.0693,18,3,2,Reto,8473499,Berra,Reto Berra,G,0.8926,732,820,0,0,103214,9
20132014,0,1,0,0,6,9.9907,0,0,0,Joacim,8474754,Eriksson,Joacim Eriksson,G,0.8064,25,31,0,0,2162,0
20132014,0,23,19,0,35,1.6706,7,1,0,Cam,8475660,Talbot,Cam Talbot,G,0.9389,538,573,3,0,75419,12
20132014,0,29,28,0,74,2.6378,7,5,0,Jonas,8475361,Gustavsson,Jonas Gustavsson,G,0.9083,733,807,0,0,100993,16
20132014,1,28,21,0,64,2.6982,11,1,0,Curtis,8470147,McElhinney,Curtis McElhinney,G,0.9089,639,703,2,0,85389,10
20132014,3,57,57,0,163,3.0111,26,7,0,Ondrej,8471715,Pavelec,Ondrej Pavelec,G,0.9008,1481,1644,1,0,194878,22
20132014,0,8,8,0,22,3.0978,6,1,0,Matt,8475252,Hackett,Matt Hackett,G,0.9079,217,239,0,0,25566,1
20132014,2,31,25,0,53,1.9577,6,2,0,Brian,8470880,Elliott,Brian Elliott,G,0.9221,628,681,4,0,97459,18
20132014,0,4,4,0,14,5.0104,0,1,0,Nikolai,8459140,Khabibulin,Nikolai Khabibulin,G,0.8108,60,74,0,0,10059,1
20132014,0,11,9,0,29,2.906,4,1,2,Joey,8469732,MacDonald,Joey MacDonald,G,0.8901,235,264,0,0,35925,5
20132014,2,65,65,0,173,2.6461,34,6,0,Ryan,8468011,Miller,Ryan Miller,G,0.9164,1897,2070,1,0,235365,27
20132014,0,9,6,0,13,1.7386,4,0,0,Petr,8475852,Mrazek,Petr Mrazek,G,0.9269,165,178,2,0,26918,2
20132014,1,15,13,0,41,2.7828,8,2,0,Michal,8473607,Neuvirth,Michal Neuvirth,G,0.9206,476,517,0,0,53040,4
20132014,0,28,26,0,89,3.2855,16,1,0,Kevin,8474690,Poulin,Kevin Poulin,G,0.8914,731,820,0,0,97519,11
20132014,0,4,3,0,11,3.0136,1,1,0,Mike,8470093,McKenna,Mike McKenna,G,0.9035,103,114,0,0,13140,1
20132014,0,24,24,0,63,2.7655,10,3,0,Pekka,8471469,Rinne,Pekka Rinne,G,0.9023,582,645,2,0,82009,10
20142015,1,25,24,0,74,3.0176,12,3,0,Robin,8475215,Lehner,Robin Lehner,G,0.905,705,779,0,0,88280,9
20142015,2,8,6,0,23,4.1883,4,1,0,Ilya,8468524,Bryzgalov,Ilya Bryzgalov,G,0.8466,127,150,0,0,19769,1
20142015,3,86,85,0,180,2.1372,27,13,2,Braden,8474651,Holtby,Braden Holtby,G,0.9267,2276,2456,10,0,303192,47
20142015,0,70,67,0,156,2.3037,21,13,8,Tuukka,8471695,Rask,Tuukka Rask,G,0.9224,1855,2011,3,0,243781,34
20142015,0,2,2,0,1,0.5038,0,0,0,Mackenzie,8477084,Skapski,Mackenzie Skapski,G,0.9777,44,45,1,0,7145,2
20142015,3,68,65,0,139,2.1392,20,4,2,Devan,8471227,Dubnyk,Devan Dubnyk,G,0.9262,1746,1885,7,0,233917,40
20142015,0,2,2,0,5,2.40,0,0,0,Philipp,8475831,Grubauer,Philipp Grubauer,G,0.8913,41,46,0,0,7500,2
20142015,0,19,14,0,51,3.0451,7,3,2,Niklas,8473404,Backstrom,Niklas Backstrom,G,0.8871,401,452,0,0,60293,5
20142015,1,54,50,0,122,2.4476,13,11,2,Jimmy,8470657,Howard,Jimmy Howard,G,0.9104,1240,1362,2,0,179435,23
20142015,0,20,14,0,40,2.4569,6,1,0,Andrei,8476883,Vasilevskiy,Andrei Vasilevskiy,G,0.9152,432,472,1,0,58610,8
20142015,1,72,71,0,156,2.2369,22,13,18,Jonathan,8471734,Quick,Jonathan Quick,G,0.9177,1740,1896,6,0,251055,36
20142015,0,26,24,0,76,3.4119,15,3,0,Viktor,8476839,Fasth,Viktor Fasth,G,0.8883,605,681,0,0,80189,6
20142015,0,7,6,0,15,2.5626,3,1,2,Jonas,8475361,Gustavsson,Jonas Gustavsson,G,0.9107,153,168,1,0,21072,3
20142015,0,7,4,0,14,2.7294,2,1,0,Louis,8475839,Domingue,Louis Domingue,G,0.9113,144,158,0,0,18465,1
20142015,0,50,44,0,145,3.0702,26,2,0,Jhonas,8473523,Enroth,Jhonas Enroth,G,0.9035,1359,1504,2,0,170016,18
20142015,3,70,69,0,164,2.368,17,8,4,Frederik,8475883,Andersen,Frederik Andersen,G,0.914,1744,1908,4,0,249323,46
20142015,0,3,2,0,4,3.0914,1,0,0,Jacob,8474593,Markstrom,Jacob Markstrom,G,0.8787,29,33,0,0,4658,1
20142015,0,1,1,0,5,5.00,1,0,0,Mike,8470093,McKenna,Mike McKenna,G,0.8529,29,34,0,0,3600,0
20142015,0,19,17,0,54,3.0774,8,1,0,Chad,8473434,Johnson,Chad Johnson,G,0.8893,434,488,0,0,63169,8
20142015,0,14,12,0,25,1.8935,4,1,0,Antti,8477293,Raanta,Antti Raanta,G,0.9357,364,389,2,0,47531,7
20142015,0,1,1,0,3,2.7692,0,1,0,Kevin,8474690,Poulin,Kevin Poulin,G,0.8846,23,26,0,0,3900,0
20142015,1,15,11,0,29,2.244,5,2,0,Martin,8474889,Jones,Martin Jones,G,0.9055,278,307,3,0,46522,4
20142015,0,1,0,0,3,9.00,0,0,0,Tyler,8475781,Bunz,Tyler Bunz,G,0.75,9,12,0,0,1200,0
20142015,0,5,5,0,20,4.6926,4,0,0,Anton,8476341,Forsberg,Anton Forsberg,G,0.8657,129,149,0,0,15343,0
20142015,2,43,38,0,91,2.2704,11,4,2,Jake,8474596,Allen,Jake Allen,G,0.9119,943,1034,4,0,144286,24
20142015,1,58,55,0,152,2.8704,28,7,0,Jonathan,8473541,Bernier,Jonathan Bernier,G,0.9123,1583,1735,2,0,190629,21
20142015,0,45,39,0,105,2.4978,16,4,2,Eddie,8475663,Lack,Eddie Lack,G,0.9185,1184,1289,2,0,151333,19
20142015,1,78,78,0,158,2.0049,22,7,6,Carey,8471679,Price,Carey Price,G,0.9314,2147,2305,10,0,283696,50
20142015,0,1,1,0,3,5.76,1,0,0,Malcolm,8476876,Subban,Malcolm Subban,G,0.50,3,6,0,0,1875,0
20142015,0,8,8,0,19,2.3434,3,1,0,Dan,8468540,Ellis,Dan Ellis,G,0.914,202,221,1,0,29188,4
20142015,0,12,9,0,35,3.2458,6,1,0,Justin,8471251,Peters,Justin Peters,G,0.8809,259,294,0,0,38819,3
20142015,0,20,13,0,49,3.0094,7,2,2,Al,8471219,Montoya,Al Montoya,G,0.8918,404,453,0,0,58616,6
20142015,0,57,57,0,141,2.5583,20,8,4,Semyon,8473575,Varlamov,Semyon Varlamov,G,0.9212,1650,1791,5,0,198410,28
20142015,0,20,18,0,50,2.5876,6,3,0,Thomas,8471306,Greiss,Thomas Greiss,G,0.9084,496,546,0,0,69562,9
20142015,0,18,14,0,35,2.3328,5,1,0,Niklas,8476844,Svedberg,Niklas Svedberg,G,0.9176,390,425,2,0,54012,7
20142015,0,5,4,0,18,4.3156,4,1,0,Matt,8475252,Hackett,Matt Hackett,G,0.8838,137,155,0,0,15015,0
20142015,0,10,9,0,25,2.89,2,0,0,Rob,8467972,Zepp,Rob Zepp,G,0.8878,198,223,0,0,31141,5
20142015,1,57,53,0,170,3.1602,26,11,4,Ben,8475681,Scrivens,Ben Scrivens,G,0.8897,1372,1542,1,0,193654,15
20142015,0,3,1,0,8,4.7251,0,1,0,Scott,8466339,Clemmensen,Scott Clemmensen,G,0.8518,46,54,0,0,6095,0
20142015,0,38,36,0,85,2.3849,10,5,0,Michael,8474636,Hutchinson,Michael Hutchinson,G,0.9137,901,986,2,0,128302,21
20142015,1,77,76,0,173,2.2786,26,6,8,Corey,8470645,Crawford,Corey Crawford,G,0.924,2104,2277,4,0,273319,45
20142015,0,35,27,0,93,3.1581,16,1,2,James,8473503,Reimer,James Reimer,G,0.907,908,1001,0,0,106013,9
20142015,2,51,49,0,134,2.6849,17,3,4,Sergei,8475683,Bobrovsky,Sergei Bobrovsky,G,0.9178,1498,1632,2,0,179666,30
20142015,0,2,1,0,7,4.5446,1,0,0,Jussi,8475680,Rynnas,Jussi Rynnas,G,0.8409,37,44,0,0,5545,0
20142015,2,70,70,0,159,2.2313,21,8,8,Pekka,8471469,Rinne,Pekka Rinne,G,0.921,1856,2015,4,0,256526,43
20142015,0,22,19,0,54,2.6202,9,2,2,Alex,8471774,Stalock,Alex Stalock,G,0.9023,499,553,2,0,74190,8
20142015,0,31,25,0,80,3.0582,11,7,4,Ray,8469548,Emery,Ray Emery,G,0.8944,678,758,0,0,94171,10
20142015,3,65,65,0,181,2.9369,17,10,2,Kari,8470140,Lehtonen,Kari Lehtonen,G,0.9034,1694,1875,5,0,221861,34
20142015,0,36,34,0,77,2.2053,9,4,0,Cam,8475660,Talbot,Cam Talbot,G,0.9258,961,1038,5,0,125697,21
20142015,1,26,22,0,73,3.1108,16,2,4,Anders,8474765,Lindback,Anders Lindback,G,0.9085,725,798,0,0,84478,6
20142015,0,59,51,0,127,2.3863,22,4,0,Jonas,8473972,Hiller,Jonas Hiller,G,0.918,1422,1549,1,0,191592,29
20142015,1,11,9,0,29,3.144,6,2,2,Evgeni,8460705,Nabokov,Evgeni Nabokov,G,0.8816,216,245,0,0,33206,3
20142015,0,19,17,0,38,2.0171,5,0,0,Scott,8474152,Darling,Scott Darling,G,0.9355,552,590,1,0,67817,12
20142015,0,1,1,0,2,2.0134,1,0,0,Laurent,8476316,Brossoit,Laurent Brossoit,G,0.9607,49,51,0,0,3576,0
20142015,0,41,36,0,91,2.6401,12,4,0,Karri,8471403,Ramo,Karri Ramo,G,0.911,932,1023,2,0,124082,17
20142015,3,61,61,0,155,2.592,23,7,0,Antti,8474550,Niemi,Antti Niemi,G,0.9144,1656,1811,5,0,215274,31
20142015,0,33,32,0,92,2.9665,20,4,0,Michal,8473607,Neuvirth,Michal Neuvirth,G,0.9142,981,1073,0,0,111645,7
20142015,0,18,17,0,44,2.6142,7,4,0,Carter,8475622,Hutton,Carter Hutton,G,0.9022,406,450,1,0,60591,6
20142015,0,1,0,0,1,1.6326,1,0,0,Jeff,8473553,Zatkoff,Jeff Zatkoff,G,0.9411,16,17,0,0,2205,0
20142015,0,36,33,0,77,2.3294,13,3,0,Petr,8475852,Mrazek,Petr Mrazek,G,0.9192,877,954,5,0,118996,19
20142015,1,66,66,0,160,2.4195,21,5,4,Jaroslav,8470860,Halak,Jaroslav Halak,G,0.9152,1728,1888,6,0,238061,41
20142015,3,47,45,0,97,2.2628,14,3,0,Brian,8470880,Elliott,Brian Elliott,G,0.9161,1060,1157,5,0,154319,26
20142015,0,2,2,0,3,1.5206,1,0,0,Troy,8477234,Grosenick,Troy Grosenick,G,0.9482,55,58,1,0,7102,1
20142015,1,69,69,0,157,2.3043,24,11,6,Marc-Andre,8470594,Fleury,Marc-Andre Fleury,G,0.9207,1824,1981,10,0,245275,35
20142015,0,54,50,0,123,2.397,20,9,2,Ondrej,8471715,Pavelec,Ondrej Pavelec,G,0.9174,1367,1490,5,0,184727,22
20142015,0,39,39,0,91,2.3338,15,9,4,Craig,8467950,Anderson,Craig Anderson,G,0.9286,1185,1276,4,0,140368,16
20142015,0,32,28,0,82,2.8771,14,2,0,Curtis,8470147,McElhinney,Curtis McElhinney,G,0.9135,867,949,0,0,102601,12
20142015,0,19,13,0,40,2.5933,5,4,0,Keith,8476234,Kinkaid,Keith Kinkaid,G,0.9147,429,469,0,0,55526,6
20142015,0,6,6,0,14,2.5203,2,0,0,Joni,8475299,Ortio,Joni Ortio,G,0.9084,139,153,1,0,19997,4
20142015,1,26,25,0,49,1.9176,3,3,0,Andrew,8477202,Hammond,Andrew Hammond,G,0.9378,739,788,3,0,91988,20
20142015,0,51,50,0,121,2.3994,24,5,4,Cam,8470320,Ward,Cam Ward,G,0.9104,1230,1351,1,0,181543,22
20142015,0,16,13,0,35,2.3461,7,3,0,Calvin,8475717,Pickard,Calvin Pickard,G,0.9315,476,511,0,0,53706,6
20142015,2,69,68,0,148,2.263,31,9,0,Cory,8471239,Schneider,Cory Schneider,G,0.9253,1834,1982,5,0,235435,26
20142015,1,65,65,0,144,2.2104,21,4,0,Henrik,8468685,Lundqvist,Henrik Lundqvist,G,0.9241,1755,1899,5,0,234526,41
20142015,0,7,5,0,17,2.8674,3,0,0,Martin,8455710,Brodeur,Martin Brodeur,G,0.8994,152,169,1,0,21343,3
20142015,0,1,0,0,0,0.00,0,0,0,Chris,8476904,Driedger,Chris Driedger,G,1.00,10,10,0,0,1372,0
20142015,0,5,2,0,9,2.6028,0,1,0,Jason,8467391,LaBarbera,Jason LaBarbera,G,0.909,90,99,0,0,12448,2
20142015,0,34,32,0,87,2.7182,17,6,0,Anton,8471418,Khudobin,Anton Khudobin,G,0.9004,787,874,1,0,115221,8
20142015,0,7,4,0,15,2.8416,2,0,0,Richard,8473614,Bachman,Richard Bachman,G,0.9107,153,168,1,0,19003,3
20142015,0,32,28,0,68,2.563,12,2,0,Darcy,8475311,Kuemper,Darcy Kuemper,G,0.9064,659,727,3,0,95513,14
20142015,3,51,48,0,108,2.2458,18,11,2,Steve,8473461,Mason,Steve Mason,G,0.9275,1382,1490,3,0,173123,18
20142015,0,23,21,0,58,2.5971,8,0,0,John,8476434,Gibson,John Gibson,G,0.9139,616,674,1,0,80395,13
20142015,1,17,16,0,46,2.7463,6,4,0,Dustin,8474682,Tokarski,Dustin Tokarski,G,0.9096,463,509,0,0,60298,6
20142015,0,2,1,0,4,2.2698,1,0,0,Marek,8476992,Mazanec,Marek Mazanec,G,0.9148,43,47,0,0,6344,0
20142015,0,48,47,0,113,2.5132,16,1,0,Ryan,8468011,Miller,Ryan Miller,G,0.9106,1152,1265,6,0,161861,30
20142015,0,2,0,0,1,0.9104,0,0,0,Tom,8474591,McCollum,Tom McCollum,G,0.96,24,25,0,0,3954,1
20142015,7,87,85,0,189,2.278,24,5,8,Ben,8471750,Bishop,Ben Bishop,G,0.9174,2100,2289,7,0,298678,53
20142015,0,19,12,0,33,2.6454,4,1,0,Reto,8473499,Berra,Reto Berra,G,0.9181,370,403,1,0,44907,5
20142015,0,1,1,0,3,3.00,1,0,0,Andrey,8477092,Makarov,Andrey Makarov,G,0.9166,33,36,0,0,3600,0
20142015,1,62,61,0,187,3.1554,42,5,10,Mike,8469608,Smith,Mike Smith,G,0.9043,1768,1955,0,0,213347,14
20142015,0,61,61,0,138,2.3468,19,12,0,Roberto,8466141,Luongo,Roberto Luongo,G,0.9208,1605,1743,2,0,211691,28
20142015,0,2,1,0,5,4.1753,0,1,0,John,8474202,Curry,John Curry,G,0.80,20,25,0,0,4311,0
20152016,0,1,1,0,3,3.0066,0,0,0,Richard,8473614,Bachman,Richard Bachman,G,0.9032,28,31,0,0,3592,1
20152016,0,30,25,0,72,2.7425,12,1,0,Andrei,8476883,Vasilevskiy,Andrei Vasilevskiy,G,0.9143,769,841,1,0,94509,14
20152016,1,20,15,0,39,2.3426,5,4,0,Carter,8475622,Hutton,Carter Hutton,G,0.9164,428,467,2,0,59933,7
20152016,3,80,80,0,199,2.5077,28,10,6,Pekka,8471469,Rinne,Pekka Rinne,G,0.9073,1949,2148,4,0,285680,41
20152016,0,31,30,0,78,2.5956,11,4,2,Joonas,8476914,Korpisalo,Joonas Korpisalo,G,0.9195,891,969,0,0,108183,16
20152016,0,1,1,0,2,2.00,0,0,0,Charlie,8479292,Lindgren,Charlie Lindgren,G,0.9285,26,28,0,0,3600,1
20152016,1,52,49,0,120,2.3836,17,6,2,Thomas,8471306,Greiss,Thomas Greiss,G,0.9242,1465,1585,1,0,181236,28
20152016,1,51,51,0,137,2.7008,24,9,2,Ryan,8468011,Miller,Ryan Miller,G,0.9161,1497,1634,1,0,182609,17
20152016,0,1,1,0,4,4.00,1,0,0,Jason,8476309,Kasdorf,Jason Kasdorf,G,0.8666,26,30,0,0,3600,0
20152016,0,1,1,0,3,3.1016,1,0,0,Matthew,8478559,O'Connor,Matthew O'Connor,G,0.9117,31,34,0,0,3482,0
20152016,3,73,73,0,164,2.2724,27,5,10,Jonathan,8471734,Quick,Jonathan Quick,G,0.9159,1788,1952,5,0,259804,41
20152016,0,16,13,0,31,2.1721,5,1,0,Jhonas,8473523,Enroth,Jhonas Enroth,G,0.9221,367,398,2,0,51378,7
20152016,0,30,25,0,75,2.8374,15,3,0,Michael,8474636,Hutchinson,Michael Hutchinson,G,0.9068,730,805,0,0,95157,9
20152016,1,18,12,0,46,3.3036,7,3,0,Curtis,8470147,McElhinney,Curtis McElhinney,G,0.8896,371,417,0,0,50126,2
20152016,0,1,1,0,3,3.1025,1,0,0,Juuse,8477424,Saros,Juuse Saros,G,0.8695,20,23,0,0,3481,0
20152016,0,38,36,0,103,2.8787,21,3,2,Jonathan,8473541,Bernier,Jonathan Bernier,G,0.9075,1011,1114,3,0,128806,12
20152016,0,26,26,0,56,2.3439,11,1,0,Connor,8476945,Hellebuyck,Connor Hellebuyck,G,0.918,627,683,2,0,86008,13
20152016,0,22,16,0,43,2.3221,9,1,2,Philipp,8475831,Grubauer,Philipp Grubauer,G,0.9177,480,523,0,0,66662,8
20152016,2,57,52,0,119,2.2755,18,6,2,Petr,8475852,Mrazek,Petr Mrazek,G,0.9217,1402,1521,5,0,188265,28
20152016,0,1,0,0,0,0.00,0,0,0,Chris,8476904,Driedger,Chris Driedger,G,1.00,11,11,0,0,1909,0
20152016,0,17,17,0,49,3.0155,9,1,0,Garret,8476343,Sparks,Garret Sparks,G,0.8925,407,456,1,0,58497,6
20152016,0,1,0,0,1,2.4556,0,0,0,Pheonix,8477831,Copley,Pheonix Copley,G,0.8333,5,6,0,0,1466,0
20152016,2,78,78,0,162,2.1256,15,9,6,Braden,8474651,Holtby,Braden Holtby,G,0.9251,2003,2165,5,0,274363,54
20152016,0,6,4,0,12,3.1834,3,0,0,Dustin,8474682,Tokarski,Dustin Tokarski,G,0.8775,86,98,0,0,13570,1
20152016,0,57,56,0,144,2.5972,22,10,2,Steve,8473461,Mason,Steve Mason,G,0.9144,1539,1683,4,0,199592,23
20152016,0,9,7,0,16,2.6941,3,0,0,Anton,8471418,Khudobin,Anton Khudobin,G,0.9085,159,175,1,0,21380,3
20152016,0,1,1,0,1,1.0008,0,1,0,Kristers,8477356,Gudlevskis,Kristers Gudlevskis,G,0.9687,31,32,0,0,3597,0
20152016,1,48,42,0,95,2.1962,11,7,2,Frederik,8475883,Andersen,Frederik Andersen,G,0.922,1123,1218,4,0,155718,25
20152016,0,4,2,0,11,3.4014,1,1,0,Christopher,8476444,Gibson,Christopher Gibson,G,0.8817,82,93,0,0,11642,1
20152016,1,64,62,0,157,2.5611,22,8,0,Tuukka,8471695,Rask,Tuukka Rask,G,0.9153,1697,1854,4,0,220683,31
20152016,1,20,13,0,42,2.5572,6,1,0,Calvin,8475717,Pickard,Calvin Pickard,G,0.922,497,539,1,0,59126,7
20152016,0,29,24,0,67,2.5768,8,4,0,Scott,8474152,Darling,Scott Darling,G,0.9145,717,784,1,0,93601,12
20152016,1,42,40,0,85,2.1149,15,4,2,John,8476434,Gibson,John Gibson,G,0.9192,967,1052,4,0,144685,21
20152016,0,33,31,0,88,2.7803,13,4,0,Ondrej,8471715,Pavelec,Ondrej Pavelec,G,0.9041,830,918,1,0,113941,13
20152016,0,73,72,0,170,2.4169,30,6,8,Devan,8471227,Dubnyk,Devan Dubnyk,G,0.9146,1822,1992,5,0,253215,34
20152016,1,21,21,0,48,2.474,9,5,8,Robin,8475215,Lehner,Robin Lehner,G,0.9242,586,634,1,0,69845,5
20152016,1,29,24,0,78,3.1187,13,2,4,Anders,8475195,Nilsson,Anders Nilsson,G,0.9011,711,789,0,0,90035,10
20152016,1,14,12,0,29,2.4142,8,0,2,Reto,8473499,Berra,Reto Berra,G,0.9224,345,374,2,0,43243,5
20152016,0,4,4,0,5,1.2461,1,1,0,Scott,8475809,Wedgewood,Scott Wedgewood,G,0.9568,111,116,1,0,14445,2
20152016,1,35,32,0,71,2.1258,9,4,2,Michal,8473607,Neuvirth,Michal Neuvirth,G,0.9299,942,1013,4,0,120234,20
20152016,0,1,0,0,1,3.249,0,0,0,Roman,8477914,Will,Roman Will,G,0.6666,2,3,0,0,1108,0
20152016,0,52,51,0,122,2.4094,17,10,0,Cam,8470320,Ward,Cam Ward,G,0.9091,1221,1343,1,0,182284,23
20152016,0,24,21,0,61,2.6477,11,4,2,Andrew,8477202,Hammond,Andrew Hammond,G,0.9143,651,712,1,0,82939,7
20152016,1,37,37,0,94,2.6298,18,1,0,Karri,8471403,Ramo,Karri Ramo,G,0.909,940,1034,1,0,128678,17
20152016,1,36,36,0,80,2.2953,13,4,0,Jaroslav,8470860,Halak,Jaroslav Halak,G,0.9186,904,984,3,0,125471,18
20152016,0,5,5,0,18,3.6058,4,1,0,Laurent,8476316,Brossoit,Laurent Brossoit,G,0.8732,124,142,0,0,17971,0
20152016,1,72,71,0,141,2.0302,23,4,4,Ben,8471750,Bishop,Ben Bishop,G,0.9283,1828,1969,8,0,250024,43
20152016,1,60,59,0,136,2.3038,18,7,2,Marc-Andre,8470594,Fleury,Marc-Andre Fleury,G,0.9198,1561,1697,5,0,212512,35
20152016,0,8,6,0,18,2.6766,2,1,0,Jean-Francois,8475234,Berube,Jean-Francois Berube,G,0.915,194,212,0,0,24209,3
20152016,0,21,16,0,43,2.4261,7,5,2,Darcy,8475311,Kuemper,Darcy Kuemper,G,0.9151,464,507,2,0,63804,6
20152016,0,1,0,0,2,6.00,0,0,0,Magnus,8476433,Hellberg,Magnus Hellberg,G,0.6666,4,6,0,0,1200,0
20152016,2,34,31,0,90,2.8123,14,6,0,Eddie,8475663,Lack,Eddie Lack,G,0.901,820,910,2,0,115206,12
20152016,2,53,46,0,131,2.7184,16,9,2,Antti,8474550,Niemi,Antti Niemi,G,0.9023,1211,1342,3,0,173484,26
20152016,0,2,0,0,4,4.7524,1,0,0,Yann,8471186,Danis,Yann Danis,G,0.7777,14,18,0,0,3030,0
20152016,0,4,3,0,9,3.0311,3,0,0,Anton,8476341,Forsberg,Anton Forsberg,G,0.9072,88,97,0,0,10689,1
20152016,1,32,32,0,77,2.6347,13,2,2,Mike,8469608,Smith,Mike Smith,G,0.9163,844,921,3,0,105210,15
20152016,0,1,0,0,1,1.5196,0,0,0,Michael,8468038,Leighton,Michael Leighton,G,0.9411,16,17,0,0,2369,0
20152016,2,45,40,0,102,2.3619,16,4,0,Chad,8473434,Johnson,Chad Johnson,G,0.9196,1168,1270,1,0,155465,22
20152016,0,81,81,0,177,2.2266,29,7,0,Martin,8474889,Jones,Martin Jones,G,0.9182,1989,2166,9,0,286166,47
20152016,0,22,19,0,55,2.7574,9,5,2,Joni,8475299,Ortio,Joni Ortio,G,0.9024,509,564,1,0,71805,7
20152016,0,23,20,0,58,2.8054,9,1,2,Keith,8476234,Kinkaid,Keith Kinkaid,G,0.9041,547,605,2,0,74426,9
20152016,1,39,36,0,101,2.7469,18,5,0,Louis,8475839,Domingue,Louis Domingue,G,0.9115,1041,1142,2,0,132364,15
20152016,0,26,23,0,79,3.5088,11,1,0,Jonas,8473972,Hiller,Jonas Hiller,G,0.8792,575,654,1,0,81052,9
20152016,2,33,30,0,84,2.7281,14,4,4,Jacob,8474593,Markstrom,Jacob Markstrom,G,0.9149,904,988,0,0,110846,13
20152016,0,16,13,0,40,2.8259,8,1,0,Jeff,8473553,Zatkoff,Jeff Zatkoff,G,0.9154,433,473,0,0,50956,5
20152016,4,70,69,0,171,2.5797,24,7,4,Henrik,8468685,Lundqvist,Henrik Lundqvist,G,0.9168,1886,2057,4,0,238631,36
20152016,0,50,45,0,104,2.3168,15,3,0,Jake,8474596,Allen,Jake Allen,G,0.9201,1199,1303,6,0,161599,27
20152016,1,39,35,0,99,2.8407,16,5,2,Jimmy,8470657,Howard,Jimmy Howard,G,0.905,944,1043,2,0,125462,14
20152016,0,59,55,0,117,2.1506,16,8,4,Brian,8470880,Elliott,Brian Elliott,G,0.9283,1516,1633,5,0,195851,32
20152016,2,68,66,0,156,2.3167,23,9,4,Roberto,8466141,Luongo,Roberto Luongo,G,0.923,1872,2028,4,0,242411,37
20152016,0,1,0,0,1,4.6936,0,0,0,Jordan,8476412,Binnington,Jordan Binnington,G,0.75,3,4,0,0,767,0
20152016,1,56,53,0,137,2.5505,27,5,0,Cam,8475660,Talbot,Cam Talbot,G,0.9168,1511,1648,3,0,193369,21
20152016,0,25,22,0,49,2.1757,7,3,2,Al,8471219,Montoya,Al Montoya,G,0.9194,559,608,0,0,81074,12
20152016,2,37,37,0,97,2.75,19,1,2,Sergei,8475683,Bobrovsky,Sergei Bobrovsky,G,0.9075,952,1049,1,0,126981,15
20152016,0,2,1,0,5,6.0362,1,0,2,Niklas,8478999,Treutle,Niklas Treutle,G,0.75,15,20,0,0,2982,0
20152016,3,54,49,0,131,2.7734,13,2,2,Kari,8470140,Lehtonen,Kari Lehtonen,G,0.9049,1247,1378,3,0,170038,31
20152016,1,19,13,0,47,3.1121,7,1,0,Anders,8474765,Lindback,Anders Lindback,G,0.8939,396,443,0,0,54368,5
20152016,0,15,14,0,42,3.0658,8,0,0,Ben,8475681,Scrivens,Ben Scrivens,G,0.906,405,447,0,0,49318,5
20152016,0,57,57,0,148,2.8106,25,3,6,Semyon,8473575,Varlamov,Semyon Varlamov,G,0.9136,1566,1714,2,0,189565,27
20152016,0,55,51,0,141,2.7091,25,6,0,Mike,8477237,Condon,Mike Condon,G,0.9032,1317,1458,1,0,187364,21
20152016,1,65,65,0,150,2.3869,22,6,4,Corey,8470645,Crawford,Corey Crawford,G,0.9219,1773,1923,7,0,226227,38
20152016,0,4,3,0,13,3.3517,2,0,0,Niklas,8473404,Backstrom,Niklas Backstrom,G,0.8807,96,109,0,0,13963,2
20152016,0,1,1,0,4,3.8523,0,0,0,Peter,8469514,Budaj,Peter Budaj,G,0.8571,24,28,0,0,3738,1
20152016,0,58,58,0,122,2.145,25,6,0,Cory,8471239,Schneider,Cory Schneider,G,0.9236,1475,1597,4,0,204746,27
20152016,2,60,60,0,161,2.7781,23,5,0,Craig,8467950,Anderson,Craig Anderson,G,0.9159,1754,1915,4,0,208628,31
20152016,0,28,18,0,47,2.2665,7,2,0,Antti,8477293,Raanta,Antti Raanta,G,0.9172,521,568,1,0,74651,11
20152016,0,41,37,0,89,2.3021,14,7,0,James,8473503,Reimer,James Reimer,G,0.9215,1046,1135,3,0,139172,17
20152016,1,13,9,0,33,2.9371,5,2,0,Alex,8471774,Stalock,Alex Stalock,G,0.8842,252,285,0,0,40448,3
20152016,0,20,20,0,49,2.6002,10,2,0,Linus,8476999,Ullmark,Linus Ullmark,G,0.9132,516,565,0,0,67840,8
20152016,0,26,26,0,55,2.1676,6,2,4,Matt,8476899,Murray,Matt Murray,G,0.9261,690,745,2,0,91342,18
20152016,0,12,12,0,24,2.062,2,0,0,Carey,8471679,Price,Carey Price,G,0.9342,341,365,2,0,41900,10
20152016,0,24,20,0,57,2.7175,9,1,0,Jonas,8475361,Gustavsson,Jonas Gustavsson,G,0.9083,565,622,1,0,75508,11
